{
  "base_model": "gpt2-medium",
  "dataset": "wikitext-2-v1",
  "dexperts": {
    "expert_model": null,
    "antiexpert_model": "eliolio/gpt2-finetuned-redditbias",
    "alpha": 0.001
  },
  "stride": -1,
  "max_length": -1,
  "max_length_pattern": 32,
  "save_json": "perplexity/antionly_alpha.json",
  "load_json": "perplexity_args.json",
  "perplexity": {
    "0.0": 19.1007080078125,
    "0.5": 24.949874877929688,
    "1.0": 49.68092346191406,
    "1.5": 159.94859313964844,
    "2.0": 848.498046875,
    "2.5": 6754.283203125,
    "3.0": 72895.7734375,
    "3.5": 978794.4375,
    "4.0": 15338368.0,
    "4.5": 268137152.0,
    "5.0": 5068494336.0
  }
}