{
  "base_model": "gpt2-medium",
  "dataset": "wikitext-2-v1",
  "dexperts": {
    "expert_model": "gpt2",
    "antiexpert_model": "eliolio/gpt2-finetuned-redditbias",
    "alpha": 0.001
  },
  "stride": -1,
  "max_length": -1,
  "max_length_pattern": 32,
  "save_json": "perplexity/anti_base_alpha.json",
  "load_json": "perplexity_args.json",
  "perplexity": {
    "0.0": 19.1007080078125,
    "0.5": 20.9599552154541,
    "1.0": 27.06199836730957,
    "1.5": 40.49198913574219,
    "2.0": 68.9366683959961,
    "2.5": 130.7791290283203,
    "3.0": 271.350341796875,
    "3.5": 606.9692993164062,
    "4.0": 1448.1114501953125,
    "4.5": 3653.32861328125,
    "5.0": 9672.88671875
  }
}