{
  "gpt2": {
    "gender": {
      "Count": 765.0,
      "LM Score": 90.89148226974314,
      "SS Score": 64.06681965377616,
      "ICAT Score": 65.32040048668573
    },
    "profession": {
      "Count": 2430.0,
      "LM Score": 90.93078744477724,
      "SS Score": 62.024768381511585,
      "ICAT Score": 69.06235428933908
    },
    "race": {
      "Count": 2886.0,
      "LM Score": 89.2929649181127,
      "SS Score": 63.23062031808667,
      "ICAT Score": 65.66493859995705
    },
    "religion": {
      "Count": 237.0,
      "LM Score": 90.45977011494251,
      "SS Score": 66.80459770114942,
      "ICAT Score": 60.056969216541155
    },
    "overall": {
      "Count": 2106.0,
      "LM Score": 90.16157586629916,
      "SS Score": 63.014270538451605,
      "ICAT Score": 66.69383305635623
    }
  }
}