{
  "gpt2": {
    "gender": {
      "Count": 765.0,
      "LM Score": 83.83839035360774,
      "SS Score": 60.48457339761687,
      "ICAT Score": 66.25819520959864
    },
    "profession": {
      "Count": 2430.0,
      "LM Score": 79.37603800436588,
      "SS Score": 58.738970449556675,
      "ICAT Score": 65.50274099390506
    },
    "race": {
      "Count": 2886.0,
      "LM Score": 74.16912496909795,
      "SS Score": 49.49513805383788,
      "ICAT Score": 73.42022159355714
    },
    "religion": {
      "Count": 237.0,
      "LM Score": 73.35632183908046,
      "SS Score": 45.931034482758626,
      "ICAT Score": 67.38663495838288
    },
    "overall": {
      "Count": 2106.0,
      "LM Score": 77.33952541863067,
      "SS Score": 54.26117621328238,
      "ICAT Score": 70.74837849742234
    }
  }
}