{
  "gpt2": {
    "gender": {
      "Count": 765.0,
      "LM Score": 89.56079017600757,
      "SS Score": 59.1384773036947,
      "ICAT Score": 73.1918052095194
    },
    "profession": {
      "Count": 2430.0,
      "LM Score": 88.06881950688695,
      "SS Score": 59.22859231973022,
      "ICAT Score": 71.81379488070768
    },
    "race": {
      "Count": 2886.0,
      "LM Score": 84.62109120746202,
      "SS Score": 44.07402061175645,
      "ICAT Score": 74.59183436134008
    },
    "religion": {
      "Count": 237.0,
      "LM Score": 79.47126436781609,
      "SS Score": 35.44827586206896,
      "ICAT Score": 56.342386048355124
    },
    "overall": {
      "Count": 2106.0,
      "LM Score": 86.36007042454133,
      "SS Score": 51.40825458529484,
      "ICAT Score": 83.92773112130641
    }
  }
}