{
  "gpt2": {
    "gender": {
      "Count": 765.0,
      "LM Score": 90.59924873837917,
      "SS Score": 65.44462188375232,
      "ICAT Score": 62.61382594405336
    },
    "profession": {
      "Count": 2430.0,
      "LM Score": 86.45604075965288,
      "SS Score": 61.83114784453651,
      "ICAT Score": 65.99855675403832
    },
    "race": {
      "Count": 2886.0,
      "LM Score": 86.25537837108733,
      "SS Score": 55.085548709181786,
      "ICAT Score": 77.48225980838593
    },
    "religion": {
      "Count": 237.0,
      "LM Score": 85.49425287356321,
      "SS Score": 52.04597701149425,
      "ICAT Score": 81.99586735367949
    },
    "overall": {
      "Count": 2106.0,
      "LM Score": 86.85253278674949,
      "SS Score": 58.84301694605882,
      "ICAT Score": 71.4917644019224
    }
  }
}