{
  "gpt2": {
    "gender": {
      "Count": 765.0,
      "LM Score": 92.3830160982335,
      "SS Score": 64.96196154891808,
      "ICAT Score": 64.7383934055365
    },
    "profession": {
      "Count": 2430.0,
      "LM Score": 92.07193832646348,
      "SS Score": 65.17205148968179,
      "ICAT Score": 64.13353454558528
    },
    "race": {
      "Count": 2886.0,
      "LM Score": 89.94203619460983,
      "SS Score": 58.42077937719028,
      "ICAT Score": 74.79439532400839
    },
    "religion": {
      "Count": 237.0,
      "LM Score": 87.79310344827586,
      "SS Score": 54.02298850574713,
      "ICAT Score": 80.72929052715021
    },
    "overall": {
      "Count": 2106.0,
      "LM Score": 90.97823954591168,
      "SS Score": 61.64554662374338,
      "ICAT Score": 69.78841293835151
    }
  }
}