{
  "gpt2": {
    "gender": {
      "Count": 765.0,
      "LM Score": 92.89143006751702,
      "SS Score": 66.41668717755675,
      "ICAT Score": 62.392039089630686
    },
    "profession": {
      "Count": 2430.0,
      "LM Score": 91.78933125430866,
      "SS Score": 61.819715772554076,
      "ICAT Score": 70.09085512673381
    },
    "race": {
      "Count": 2886.0,
      "LM Score": 91.40973201733647,
      "SS Score": 52.99268589205812,
      "ICAT Score": 85.93851970923454
    },
    "religion": {
      "Count": 237.0,
      "LM Score": 89.21839080459772,
      "SS Score": 54.160919540229884,
      "ICAT Score": 81.79377989166338
    },
    "overall": {
      "Count": 2106.0,
      "LM Score": 91.65822485243464,
      "SS Score": 58.088326527683165,
      "ICAT Score": 76.83099182134873
    }
  }
}