{
  "gpt2": {
    "gender": {
      "Count": 765.0,
      "LM Score": 89.33994805516544,
      "SS Score": 63.56606340519384,
      "ICAT Score": 65.10012005650347
    },
    "profession": {
      "Count": 2430.0,
      "LM Score": 87.03101681895178,
      "SS Score": 61.8255570433828,
      "ICAT Score": 66.44721174022933
    },
    "race": {
      "Count": 2886.0,
      "LM Score": 83.54478789585934,
      "SS Score": 53.338167955327116,
      "ICAT Score": 77.96705722008818
    },
    "religion": {
      "Count": 237.0,
      "LM Score": 82.62068965517241,
      "SS Score": 50.71264367816092,
      "ICAT Score": 81.44310741181133
    },
    "overall": {
      "Count": 2106.0,
      "LM Score": 85.56714453590712,
      "SS Score": 57.756193959236484,
      "ICAT Score": 72.29363714473676
    }
  }
}