{
  "gpt2": {
    "gender": {
      "Count": 765.0,
      "LM Score": 93.10496653105349,
      "SS Score": 65.94257095561444,
      "ICAT Score": 63.41831582622493
    },
    "profession": {
      "Count": 2430.0,
      "LM Score": 91.70710970257156,
      "SS Score": 64.16711184005197,
      "ICAT Score": 65.72261210888662
    },
    "race": {
      "Count": 2886.0,
      "LM Score": 91.96044311091157,
      "SS Score": 60.68986725328044,
      "ICAT Score": 72.29954452274173
    },
    "religion": {
      "Count": 237.0,
      "LM Score": 90.36781609195403,
      "SS Score": 62.206896551724135,
      "ICAT Score": 68.30560443915974
    },
    "overall": {
      "Count": 2106.0,
      "LM Score": 91.94863742602986,
      "SS Score": 62.73284779153129,
      "ICAT Score": 68.53327732634314
    }
  }
}