{
  "gpt2": {
    "gender": {
      "Count": 765.0,
      "LM Score": 91.6143967143967,
      "SS Score": 65.74029287942332,
      "ICAT Score": 62.77364798927107
    },
    "profession": {
      "Count": 2430.0,
      "LM Score": 88.42453596234661,
      "SS Score": 61.100613139296016,
      "ICAT Score": 68.79320464755105
    },
    "race": {
      "Count": 2886.0,
      "LM Score": 86.64043003980295,
      "SS Score": 56.79402808803431,
      "ICAT Score": 74.8676797348071
    },
    "religion": {
      "Count": 237.0,
      "LM Score": 88.36781609195403,
      "SS Score": 53.01149425287357,
      "ICAT Score": 83.04543268595586
    },
    "overall": {
      "Count": 2106.0,
      "LM Score": 88.01315159143205,
      "SS Score": 59.41823818861987,
      "ICAT Score": 71.43457508304776
    }
  }
}