{
  "gpt2": {
    "gender": {
      "Count": 765.0,
      "LM Score": 92.39675236196976,
      "SS Score": 61.54138325442673,
      "ICAT Score": 71.06902575249273
    },
    "profession": {
      "Count": 2430.0,
      "LM Score": 91.81673944826957,
      "SS Score": 62.290692647328434,
      "ICAT Score": 69.24691295949923
    },
    "race": {
      "Count": 2886.0,
      "LM Score": 89.1950334649029,
      "SS Score": 53.124394118702746,
      "ICAT Score": 83.62142470539817
    },
    "religion": {
      "Count": 237.0,
      "LM Score": 87.88505747126437,
      "SS Score": 45.01149425287357,
      "ICAT Score": 79.11675518562559
    },
    "overall": {
      "Count": 2106.0,
      "LM Score": 90.54615296478583,
      "SS Score": 57.362623835392924,
      "ICAT Score": 77.21300768435252
    }
  }
}