{
  "gpt2": {
    "gender": {
      "Count": 765.0,
      "LM Score": 91.6278521800261,
      "SS Score": 64.37935526631178,
      "ICAT Score": 65.2768634043122
    },
    "profession": {
      "Count": 2430.0,
      "LM Score": 89.90607371927327,
      "SS Score": 63.52458181087092,
      "ICAT Score": 65.5872327330632
    },
    "race": {
      "Count": 2886.0,
      "LM Score": 87.02361263267807,
      "SS Score": 57.09382899275051,
      "ICAT Score": 74.67700010572644
    },
    "religion": {
      "Count": 237.0,
      "LM Score": 84.16091954022988,
      "SS Score": 55.12643678160919,
      "ICAT Score": 75.53200687012816
    },
    "overall": {
      "Count": 2106.0,
      "LM Score": 88.59232337690582,
      "SS Score": 60.38339444396318,
      "ICAT Score": 70.19454261031476
    }
  }
}