{
  "gpt2": {
    "gender": {
      "Count": 765.0,
      "LM Score": 79.7397734310778,
      "SS Score": 55.33520939607895,
      "ICAT Score": 71.23120566206394
    },
    "profession": {
      "Count": 2430.0,
      "LM Score": 71.85415130335431,
      "SS Score": 52.642740275243575,
      "ICAT Score": 68.05631411149791
    },
    "race": {
      "Count": 2886.0,
      "LM Score": 66.40202351761963,
      "SS Score": 41.728738239889914,
      "ICAT Score": 55.417453159315265
    },
    "religion": {
      "Count": 237.0,
      "LM Score": 78.3448275862069,
      "SS Score": 39.86206896551724,
      "ICAT Score": 62.459738406658744
    },
    "overall": {
      "Count": 2106.0,
      "LM Score": 70.61429876967513,
      "SS Score": 47.52474792089476,
      "ICAT Score": 67.1185349727912
    }
  }
}