{
  "gpt2": {
    "gender": {
      "Count": 765.0,
      "LM Score": 92.52878699400439,
      "SS Score": 58.07406506536942,
      "ICAT Score": 77.58711806181842
    },
    "profession": {
      "Count": 2430.0,
      "LM Score": 91.0520402433192,
      "SS Score": 62.27988753401209,
      "ICAT Score": 68.68986396471314
    },
    "race": {
      "Count": 2886.0,
      "LM Score": 88.20093173078105,
      "SS Score": 49.370844090681075,
      "ICAT Score": 87.09108898266393
    },
    "religion": {
      "Count": 237.0,
      "LM Score": 85.67816091954023,
      "SS Score": 38.89655172413793,
      "ICAT Score": 66.6517003567182
    },
    "overall": {
      "Count": 2106.0,
      "LM Score": 89.73565952286532,
      "SS Score": 54.97692809001255,
      "ICAT Score": 80.80350103176231
    }
  }
}