{
  "gpt2": {
    "gender": {
      "Count": 765.0,
      "LM Score": 93.27790824312564,
      "SS Score": 64.10114684027727,
      "ICAT Score": 66.97139862132116
    },
    "profession": {
      "Count": 2430.0,
      "LM Score": 92.36990891464772,
      "SS Score": 60.96059396180244,
      "ICAT Score": 72.12132759660514
    },
    "race": {
      "Count": 2886.0,
      "LM Score": 89.42827961880901,
      "SS Score": 49.94236719293143,
      "ICAT Score": 89.32519956309412
    },
    "religion": {
      "Count": 237.0,
      "LM Score": 88.55172413793105,
      "SS Score": 46.160919540229884,
      "ICAT Score": 81.75258026159335
    },
    "overall": {
      "Count": 2106.0,
      "LM Score": 90.99936188052666,
      "SS Score": 55.775155250924904,
      "ICAT Score": 80.48865302862389
    }
  }
}