{
  "gpt2": {
    "gender": {
      "Count": 765.0,
      "LM Score": 89.9261131782871,
      "SS Score": 60.90156976678717,
      "ICAT Score": 70.31939724490519
    },
    "profession": {
      "Count": 2430.0,
      "LM Score": 88.85549493398463,
      "SS Score": 59.25169306839943,
      "ICAT Score": 72.41421960258569
    },
    "race": {
      "Count": 2886.0,
      "LM Score": 87.31776924291856,
      "SS Score": 45.635694291850086,
      "ICAT Score": 79.69614046832284
    },
    "religion": {
      "Count": 237.0,
      "LM Score": 81.47126436781609,
      "SS Score": 40.96551724137931,
      "ICAT Score": 66.75024970273483
    },
    "overall": {
      "Count": 2106.0,
      "LM Score": 88.00986665380918,
      "SS Score": 52.56136754367843,
      "ICAT Score": 83.50135433439851
    }
  }
}