{
  "gpt2": {
    "gender": {
      "Count": 765.0,
      "LM Score": 89.96627671845063,
      "SS Score": 63.918332231375715,
      "ICAT Score": 64.92266613870507
    },
    "profession": {
      "Count": 2430.0,
      "LM Score": 87.37831536293605,
      "SS Score": 59.29829330447489,
      "ICAT Score": 71.12893126902637
    },
    "race": {
      "Count": 2886.0,
      "LM Score": 83.35234224253895,
      "SS Score": 53.744087346274824,
      "ICAT Score": 77.11077324508578
    },
    "religion": {
      "Count": 237.0,
      "LM Score": 83.49425287356321,
      "SS Score": 47.12643678160919,
      "ICAT Score": 78.69573259347337
    },
    "overall": {
      "Count": 2106.0,
      "LM Score": 85.72378870157821,
      "SS Score": 56.88985539568007,
      "ICAT Score": 73.91129853910407
    }
  }
}