{
  "gpt2": {
    "gender": {
      "Count": 765.0,
      "LM Score": 92.40327249240292,
      "SS Score": 63.11518835431879,
      "ICAT Score": 68.16554602653675
    },
    "profession": {
      "Count": 2430.0,
      "LM Score": 90.9623394675255,
      "SS Score": 62.670897535661126,
      "ICAT Score": 67.91084980758471
    },
    "race": {
      "Count": 2886.0,
      "LM Score": 90.80859511517872,
      "SS Score": 50.09957990885134,
      "ICAT Score": 90.62774088268897
    },
    "religion": {
      "Count": 237.0,
      "LM Score": 87.49425287356321,
      "SS Score": 46.89655172413793,
      "ICAT Score": 82.06357510899721
    },
    "overall": {
      "Count": 2106.0,
      "LM Score": 90.94297584451793,
      "SS Score": 56.399409386127644,
      "ICAT Score": 79.30334918008218
    }
  }
}