{
  "gpt2_med": {
    "gender": {
      "Count": 765.0,
      "LM Score": 93.58464056072752,
      "SS Score": 65.5810572680138,
      "ICAT Score": 64.42168768106389
    },
    "profession": {
      "Count": 2430.0,
      "LM Score": 91.75689996184768,
      "SS Score": 63.370875080466256,
      "ICAT Score": 67.2194990186336
    },
    "race": {
      "Count": 2886.0,
      "LM Score": 92.35544217137996,
      "SS Score": 61.440868452370104,
      "ICAT Score": 71.22291287651531
    },
    "religion": {
      "Count": 237.0,
      "LM Score": 90.45977011494251,
      "SS Score": 62.57471264367816,
      "ICAT Score": 67.70965781477076
    },
    "overall": {
      "Count": 2106.0,
      "LM Score": 92.21175484781281,
      "SS Score": 62.74091426975296,
      "ICAT Score": 68.71451358422361
    }
  }
}