{
  "gpt2": {
    "gender": {
      "Count": 765.0,
      "LM Score": 91.89862215079606,
      "SS Score": 64.21997020692672,
      "ICAT Score": 65.76270876995734
    },
    "profession": {
      "Count": 2430.0,
      "LM Score": 91.42501129932003,
      "SS Score": 62.396660999574266,
      "ICAT Score": 68.75771386012168
    },
    "race": {
      "Count": 2886.0,
      "LM Score": 90.12838249946745,
      "SS Score": 58.687074624374794,
      "ICAT Score": 74.46934280852606
    },
    "religion": {
      "Count": 237.0,
      "LM Score": 85.3103448275862,
      "SS Score": 49.42528735632184,
      "ICAT Score": 84.32976615140706
    },
    "overall": {
      "Count": 2106.0,
      "LM Score": 90.66189069558415,
      "SS Score": 60.44443140003739,
      "ICAT Score": 71.72365273622981
    }
  }
}