{
  "gpt2": {
    "gender": {
      "Count": 765.0,
      "LM Score": 93.27790824312564,
      "SS Score": 62.66777425473077,
      "ICAT Score": 69.64543855157751
    },
    "profession": {
      "Count": 2430.0,
      "LM Score": 92.28935393467714,
      "SS Score": 63.97468647350802,
      "ICAT Score": 66.4950582130826
    },
    "race": {
      "Count": 2886.0,
      "LM Score": 89.7567072075023,
      "SS Score": 60.35000089116578,
      "ICAT Score": 71.1770672157872
    },
    "religion": {
      "Count": 237.0,
      "LM Score": 88.45977011494251,
      "SS Score": 58.02298850574713,
      "ICAT Score": 74.26553573787817
    },
    "overall": {
      "Count": 2106.0,
      "LM Score": 91.1149426618542,
      "SS Score": 61.931485244958985,
      "ICAT Score": 69.37221078255025
    }
  }
}