{
  "gpt2": {
    "gender": {
      "Count": 765.0,
      "LM Score": 92.76782702000094,
      "SS Score": 64.9229620620925,
      "ICAT Score": 65.08041175595628
    },
    "profession": {
      "Count": 2430.0,
      "LM Score": 91.87535555383093,
      "SS Score": 60.23610093060589,
      "ICAT Score": 73.0664473041446
    },
    "race": {
      "Count": 2886.0,
      "LM Score": 91.4510742214988,
      "SS Score": 56.9587229889975,
      "ICAT Score": 78.72342037042559
    },
    "religion": {
      "Count": 237.0,
      "LM Score": 89.70114942528737,
      "SS Score": 50.94252873563219,
      "ICAT Score": 88.01023120623597
    },
    "overall": {
      "Count": 2106.0,
      "LM Score": 91.71241844385769,
      "SS Score": 58.982965346201354,
      "ICAT Score": 75.23542890990785
    }
  }
}