{
  "gpt2": {
    "gender": {
      "Count": 765.0,
      "LM Score": 89.52099422316815,
      "SS Score": 65.84114902810555,
      "ICAT Score": 61.158686010500496
    },
    "profession": {
      "Count": 2430.0,
      "LM Score": 88.81056771203622,
      "SS Score": 61.55601084686823,
      "ICAT Score": 68.28465003609989
    },
    "race": {
      "Count": 2886.0,
      "LM Score": 88.41214154502269,
      "SS Score": 56.82387845747631,
      "ICAT Score": 76.34586738365415
    },
    "religion": {
      "Count": 237.0,
      "LM Score": 88.36781609195403,
      "SS Score": 58.39080459770114,
      "ICAT Score": 73.5382745408905
    },
    "overall": {
      "Count": 2106.0,
      "LM Score": 88.70212047454996,
      "SS Score": 59.82182093606775,
      "ICAT Score": 71.27779359553918
    }
  }
}