{
  "gpt2": {
    "gender": {
      "Count": 765.0,
      "LM Score": 91.55721355938746,
      "SS Score": 64.56578735274387,
      "ICAT Score": 64.88515549307155
    },
    "profession": {
      "Count": 2430.0,
      "LM Score": 91.1414970442884,
      "SS Score": 61.5695845703489,
      "ICAT Score": 70.05211188584641
    },
    "race": {
      "Count": 2886.0,
      "LM Score": 91.25032497429362,
      "SS Score": 61.684394939099576,
      "ICAT Score": 69.92622826787706
    },
    "religion": {
      "Count": 237.0,
      "LM Score": 89.79310344827586,
      "SS Score": 69.10344827586208,
      "ICAT Score": 55.48594530321044
    },
    "overall": {
      "Count": 2106.0,
      "LM Score": 91.19250704230285,
      "SS Score": 62.287265484469344,
      "ICAT Score": 68.78237615784055
    }
  }
}