{
  "gpt2": {
    "gender": {
      "Count": 765.0,
      "LM Score": 92.44494619712012,
      "SS Score": 65.83713565017914,
      "ICAT Score": 63.163683135174054
    },
    "profession": {
      "Count": 2430.0,
      "LM Score": 91.18506985310731,
      "SS Score": 62.447287913869935,
      "ICAT Score": 68.48493349494794
    },
    "race": {
      "Count": 2886.0,
      "LM Score": 89.89755710870355,
      "SS Score": 58.11817743968603,
      "ICAT Score": 75.30147070864828
    },
    "religion": {
      "Count": 237.0,
      "LM Score": 87.21839080459772,
      "SS Score": 50.57471264367816,
      "ICAT Score": 86.21588056546442
    },
    "overall": {
      "Count": 2106.0,
      "LM Score": 90.60719982141191,
      "SS Score": 60.452766071868645,
      "ICAT Score": 71.66528253820637
    }
  }
}