{
  "gpt2": {
    "gender": {
      "Count": 765.0,
      "LM Score": 92.21013471230863,
      "SS Score": 64.84928791015747,
      "ICAT Score": 64.8250379407591
    },
    "profession": {
      "Count": 2430.0,
      "LM Score": 91.76801560607994,
      "SS Score": 62.431307779322886,
      "ICAT Score": 68.95208668014223
    },
    "race": {
      "Count": 2886.0,
      "LM Score": 91.71380084895974,
      "SS Score": 66.49805446601806,
      "ICAT Score": 61.45181521512631
    },
    "religion": {
      "Count": 237.0,
      "LM Score": 88.45977011494251,
      "SS Score": 64.13793103448275,
      "ICAT Score": 63.44700753071741
    },
    "overall": {
      "Count": 2106.0,
      "LM Score": 91.6736450153527,
      "SS Score": 64.65539071343494,
      "ICAT Score": 64.80338329885808
    }
  }
}