{
  "gpt2": {
    "gender": {
      "Count": 765.0,
      "LM Score": 92.65354556876295,
      "SS Score": 63.598413985370506,
      "ICAT Score": 67.45472017163436
    },
    "profession": {
      "Count": 2430.0,
      "LM Score": 91.25625041692591,
      "SS Score": 62.75691408369103,
      "ICAT Score": 67.97328749355556
    },
    "race": {
      "Count": 2886.0,
      "LM Score": 91.20868754616193,
      "SS Score": 53.158499882818504,
      "ICAT Score": 85.44703496763029
    },
    "religion": {
      "Count": 237.0,
      "LM Score": 89.79310344827586,
      "SS Score": 48.643678160919535,
      "ICAT Score": 87.3573365041617
    },
    "overall": {
      "Count": 2106.0,
      "LM Score": 91.355886458254,
      "SS Score": 57.953526488970375,
      "ICAT Score": 76.82385720087214
    }
  }
}