{
  "gpt2": {
    "gender": {
      "Count": 765.0,
      "LM Score": 91.4419837811142,
      "SS Score": 61.75723696593261,
      "ICAT Score": 69.93988234212368
    },
    "profession": {
      "Count": 2430.0,
      "LM Score": 91.67741083539393,
      "SS Score": 59.45702933494259,
      "ICAT Score": 74.33749156295585
    },
    "race": {
      "Count": 2886.0,
      "LM Score": 91.4792059288037,
      "SS Score": 62.28131982171226,
      "ICAT Score": 69.0094982278454
    },
    "religion": {
      "Count": 237.0,
      "LM Score": 89.0344827586207,
      "SS Score": 63.77011494252874,
      "ICAT Score": 64.51418152992468
    },
    "overall": {
      "Count": 2106.0,
      "LM Score": 91.45692436184501,
      "SS Score": 61.19900136856749,
      "ICAT Score": 70.97239993997951
    }
  }
}