{
  "gpt2": {
    "gender": {
      "Count": 765.0,
      "LM Score": 92.44930850148242,
      "SS Score": 67.12933749020706,
      "ICAT Score": 60.77740038031919
    },
    "profession": {
      "Count": 2430.0,
      "LM Score": 92.2739864301917,
      "SS Score": 64.99742940098609,
      "ICAT Score": 64.59653448950472
    },
    "race": {
      "Count": 2886.0,
      "LM Score": 90.67203361087869,
      "SS Score": 58.912199876303845,
      "ICAT Score": 74.51028787625687
    },
    "religion": {
      "Count": 237.0,
      "LM Score": 89.12643678160919,
      "SS Score": 59.17241379310345,
      "ICAT Score": 72.77634562029328
    },
    "overall": {
      "Count": 2106.0,
      "LM Score": 91.44664807920299,
      "SS Score": 62.27307207415067,
      "ICAT Score": 69.00002202289198
    }
  }
}