{
  "gpt2": {
    "gender": {
      "Count": 765.0,
      "LM Score": 92.3258948780688,
      "SS Score": 64.61627390323042,
      "ICAT Score": 65.33668352009455
    },
    "profession": {
      "Count": 2430.0,
      "LM Score": 91.51234133288662,
      "SS Score": 61.8803160152695,
      "ICAT Score": 69.76843064624859
    },
    "race": {
      "Count": 2886.0,
      "LM Score": 90.38614796197429,
      "SS Score": 58.1037002061839,
      "ICAT Score": 75.7369030444619
    },
    "religion": {
      "Count": 237.0,
      "LM Score": 85.3103448275862,
      "SS Score": 49.42528735632184,
      "ICAT Score": 84.32976615140706
    },
    "overall": {
      "Count": 2106.0,
      "LM Score": 90.86660189722936,
      "SS Score": 60.03267454407564,
      "ICAT Score": 72.6339010220096
    }
  }
}