{
  "gpt2": {
    "gender": {
      "Count": 765.0,
      "LM Score": 87.01148336365728,
      "SS Score": 59.3170864562169,
      "ICAT Score": 70.79761309999981
    },
    "profession": {
      "Count": 2430.0,
      "LM Score": 86.62791101220465,
      "SS Score": 61.373938591888695,
      "ICAT Score": 66.92190020827637
    },
    "race": {
      "Count": 2886.0,
      "LM Score": 85.83955411612115,
      "SS Score": 56.65370042505601,
      "ICAT Score": 74.41654056194008
    },
    "religion": {
      "Count": 237.0,
      "LM Score": 85.2183908045977,
      "SS Score": 53.60919540229886,
      "ICAT Score": 79.06699431893247
    },
    "overall": {
      "Count": 2106.0,
      "LM Score": 86.26368714679577,
      "SS Score": 58.667719288958786,
      "ICAT Score": 71.30949864641602
    }
  }
}