{
  "gpt2": {
    "gender": {
      "Count": 765.0,
      "LM Score": 78.86890299716387,
      "SS Score": 59.86448462970202,
      "ICAT Score": 63.308881369624224
    },
    "profession": {
      "Count": 2430.0,
      "LM Score": 80.72748689737182,
      "SS Score": 60.27150656163248,
      "ICAT Score": 64.14362866996274
    },
    "race": {
      "Count": 2886.0,
      "LM Score": 80.07407749770037,
      "SS Score": 52.66620469530372,
      "ICAT Score": 75.80419986977071
    },
    "religion": {
      "Count": 237.0,
      "LM Score": 78.89655172413792,
      "SS Score": 58.390804597701155,
      "ICAT Score": 65.65644074514465
    },
    "overall": {
      "Count": 2106.0,
      "LM Score": 80.1249377466129,
      "SS Score": 56.68285855658269,
      "ICAT Score": 69.41566523030076
    }
  }
}